

mysql> select * from emp order by deptno asc, sal desc;
+-------+--------+-----------+------+------------+------+------+--------+
| empno | ename  | job       | mgr  | hiredate   | sal  | comm | deptno |
+-------+--------+-----------+------+------------+------+------+--------+
|  7839 | KING   | PRESIDENT | NULL | 1981-11-17 | 5000 | NULL |     10 |
|  7782 | CLARK  | MANAGER   | 7839 | 1981-06-09 | 2450 | NULL |     10 |
|  7934 | MILLER | CLERK     | 7782 | 1982-01-23 | 1300 | NULL |     10 |
|  7788 | SCOTT  | ANALYST   | 7566 | 1987-04-19 | 3000 | NULL |     20 |
|  7902 | FORD   | ANALYST   | 7566 | 1981-12-03 | 3000 | NULL |     20 |
|  7566 | JONES  | MANAGER   | 7839 | 1981-04-02 | 2975 | NULL |     20 |
|  7876 | ADAMS  | CLERK     | 7788 | 1987-05-23 | 1100 | NULL |     20 |
|  7369 | SMITH  | CLERK     | 7902 | 1980-12-17 |  800 | NULL |     20 |
|  7698 | BLAKE  | MANAGER   | 7839 | 1981-05-01 | 2850 | NULL |     30 |
|  7499 | ALLEN  | SALESMAN  | 7698 | 1981-02-20 | 1600 |  300 |     30 |
|  7844 | TURNER | SALESMAN  | 7698 | 1981-09-08 | 1500 |    0 |     30 |
|  7521 | WARD   | SALESMAN  | 7698 | 1981-02-22 | 1250 |  500 |     30 |
|  7654 | MARTIN | SALESMAN  | 7698 | 1981-09-28 | 1250 | 1400 |     30 |
|  7900 | JAMES  | CLERK     | 7698 | 1981-12-03 |  950 | NULL |     30 |
+-------+--------+-----------+------+------------+------+------+--------+
14 rows in set

mysql> select * from emp order by ename;
+-------+--------+-----------+------+------------+------+------+--------+
| empno | ename  | job       | mgr  | hiredate   | sal  | comm | deptno |
+-------+--------+-----------+------+------------+------+------+--------+
|  7876 | ADAMS  | CLERK     | 7788 | 1987-05-23 | 1100 | NULL |     20 |
|  7499 | ALLEN  | SALESMAN  | 7698 | 1981-02-20 | 1600 |  300 |     30 |
|  7698 | BLAKE  | MANAGER   | 7839 | 1981-05-01 | 2850 | NULL |     30 |
|  7782 | CLARK  | MANAGER   | 7839 | 1981-06-09 | 2450 | NULL |     10 |
|  7902 | FORD   | ANALYST   | 7566 | 1981-12-03 | 3000 | NULL |     20 |
|  7900 | JAMES  | CLERK     | 7698 | 1981-12-03 |  950 | NULL |     30 |
|  7566 | JONES  | MANAGER   | 7839 | 1981-04-02 | 2975 | NULL |     20 |
|  7839 | KING   | PRESIDENT | NULL | 1981-11-17 | 5000 | NULL |     10 |
|  7654 | MARTIN | SALESMAN  | 7698 | 1981-09-28 | 1250 | 1400 |     30 |
|  7934 | MILLER | CLERK     | 7782 | 1982-01-23 | 1300 | NULL |     10 |
|  7788 | SCOTT  | ANALYST   | 7566 | 1987-04-19 | 3000 | NULL |     20 |
|  7369 | SMITH  | CLERK     | 7902 | 1980-12-17 |  800 | NULL |     20 |
|  7844 | TURNER | SALESMAN  | 7698 | 1981-09-08 | 1500 |    0 |     30 |
|  7521 | WARD   | SALESMAN  | 7698 | 1981-02-22 | 1250 |  500 |     30 |
+-------+--------+-----------+------+------------+------+------+--------+
14 rows in set

mysql> select sum(sal) from emp;
+----------+
| I (salt) |
+----------+
| 29025.00 |
+----------+
1 row in set

mysql> select sum(sal),avg(sal) from emp;
+----------+-------------+
| sum(sal) | avg(sal) |
+----------+-------------+
| 29025.00 | 2073.214286 |
+----------+-------------+
1 row in set

mysql> select sum(sal),avg(sal),max(sal),min(sal) ,count(empno)from emp;
+----------+-------------+----------+----------+--------------+
| sum (sal) | avg (sal) | max (sal) | min (sal) | count (empno) |
+----------+-------------+----------+----------+--------------+
| 29025.00 | 2073.214286 |  5000.00 |   800.00 |           14 |
+----------+-------------+----------+----------+--------------+
1 row in set

mysql> select sum(sal),avg(sal),max(sal),min(sal) ,count(empno),count(comm)from e
mp;
+----------+-------------+----------+----------+--------------+-------------+
| sum(sal) | avg(sal)    | max(sal) | min(sal) | count(empno) | count(comm) |
+----------+-------------+----------+----------+--------------+-------------+
| 29025.00 | 2073.214286 |  5000.00 |   800.00 |           14 |           4 |
+----------+-------------+----------+----------+--------------+-------------+
1 row in set
mysql> select ename,sum(sal),avg(sal),max(sal),min(sal) ,count(empno),count(comm)from emp;
+-------+----------+-------------+----------+----------+--------------+-------------+
| ename | sum(sal) | avg(sal)    | max(sal) | min(sal) | count(empno) | count(comm) |
+-------+----------+-------------+----------+----------+--------------+-------------+
| SMITH | 29025.00 | 2073.214286 |  5000.00 |   800.00 |           14 |           4 |
+-------+----------+-------------+----------+----------+--------------+-------------+
1 row in set

mysql> select ename,sum(sal),avg(sal),max(sal),min(sal) ,count(empno),count(comm)from emp where deptno=20;
+-------+----------+----------+----------+----------+--------------+-------------+
| ename | sum(sal) | avg(sal) | max(sal) | min(sal) | count(empno) | count(comm) |
+-------+----------+----------+----------+----------+--------------+-------------+
| SMITH | 10875.00 |     2175 |  3000.00 |   800.00 |            5 |           0 |
+-------+----------+----------+----------+----------+--------------+-------------+
1 row in set

mysql> select * from emp where depnto=20;
1054 - Unknown column 'depnto' in 'where clause'
mysql> select * from emp where deptn
o=20;
+-------+-------+---------+------+------------+------+------+--------+
| empno | ename | job     | mgr  | hiredate   | sal  | comm | deptno |
+-------+-------+---------+------+------------+------+------+--------+
|  7369 | SMITH | CLERK   | 7902 | 1980-12-17 |  800 | NULL |     20 |
|  7566 | JONES | MANAGER | 7839 | 1981-04-02 | 2975 | NULL |     20 |
|  7788 | SCOTT | ANALYST | 7566 | 1987-04-19 | 3000 | NULL |     20 |
|  7876 | ADAMS | CLERK   | 7788 | 1987-05-23 | 1100 | NULL |     20 |
|  7902 | FORD  | ANALYST | 7566 | 1981-12-03 | 3000 | NULL |     20 |
+-------+-------+---------+------+------------+------+------+--------+
5 rows in set
mysql> select * from emp;
+-------+--------+-----------+------+------------+------+------+--------+
| empno | ename  | job       | mgr  | hiredate   | sal  | comm | deptno |
+-------+--------+-----------+------+------------+------+------+--------+
|  7369 | SMITH  | CLERK     | 7902 | 1980-12-17 |  800 | NULL |     20 |
|  7499 | ALLEN  | SALESMAN  | 7698 | 1981-02-20 | 1600 |  300 |     30 |
|  7521 | WARD   | SALESMAN  | 7698 | 1981-02-22 | 1250 |  500 |     30 |
|  7566 | JONES  | MANAGER   | 7839 | 1981-04-02 | 2975 | NULL |     20 |
|  7654 | MARTIN | SALESMAN  | 7698 | 1981-09-28 | 1250 | 1400 |     30 |
|  7698 | BLAKE  | MANAGER   | 7839 | 1981-05-01 | 2850 | NULL |     30 |
|  7782 | CLARK  | MANAGER   | 7839 | 1981-06-09 | 2450 | NULL |     10 |
|  7788 | SCOTT  | ANALYST   | 7566 | 1987-04-19 | 3000 | NULL |     20 |
|  7839 | KING   | PRESIDENT | NULL | 1981-11-17 | 5000 | NULL |     10 |
|  7844 | TURNER | SALESMAN  | 7698 | 1981-09-08 | 1500 |    0 |     30 |
|  7876 | ADAMS  | CLERK     | 7788 | 1987-05-23 | 1100 | NULL |     20 |
|  7900 | JAMES  | CLERK     | 7698 | 1981-12-03 |  950 | NULL |     30 |
|  7902 | FORD   | ANALYST   | 7566 | 1981-12-03 | 3000 | NULL |     20 |
|  7934 | MILLER | CLERK     | 7782 | 1982-01-23 | 1300 | NULL |     10 |
+-------+--------+-----------+------+------------+------+------+--------+
14 rows in set

mysql> select deptno from emp group by deptno;
+--------+
| deptno |
+--------+
|     10 |
|     20 |
|     30 |
+--------+
3 rows in set

mysql> select deptno,ename from emp group by deptno;
+--------+-------+
| deptno | ename |
+--------+-------+
|     10 | CLARK |
|     20 | SMITH |
|     30 | ALLEN |
+--------+-------+
3 rows in set

mysql> select deptno,count(*) from emp group by deptno;
+--------+----------+
| deptno | count(*) |
+--------+----------+
|     10 |        3 |
|     20 |        5 |
|     30 |        6 |
+--------+----------+
3 rows in set

mysql> select job from emp group by jobj;
1054 - Unknown column 'jobj' in 'group statement'
mysql> select job from emp group by job;
+-----------+
| job       |
+-----------+
| ANALYST   |
| CLERK     |
| MANAGER   |
| PRESIDENT |
| SALESMAN  |
+-----------+
5 rows in set

mysql> select job,count(*),max(sal),min(sal) from emp group by job;
+-----------+----------+----------+----------+
| job       | count(*) | max(sal) | min(sal) |
+-----------+----------+----------+----------+
| ANALYST   |        2 |     3000 |     3000 |
| CLERK     |        4 |     1300 |      800 |
| MANAGER   |        3 |     2975 |     2450 |
| PRESIDENT |        1 |     5000 |     5000 |
| SALESMAN  |        4 |     1600 |     1250 |
+-----------+----------+----------+----------+
5 rows in set

mysql> select * from emp;
+-------+--------+-----------+------+------------+------+------+--------+
| empno | ename  | job       | mgr  | hiredate   | sal  | comm | deptno |
+-------+--------+-----------+------+------------+------+------+--------+
|  7369 | SMITH  | CLERK     | 7902 | 1980-12-17 |  800 | NULL |     20 |
|  7499 | ALLEN  | SALESMAN  | 7698 | 1981-02-20 | 1600 |  300 |     30 |
|  7521 | WARD   | SALESMAN  | 7698 | 1981-02-22 | 1250 |  500 |     30 |
|  7566 | JONES  | MANAGER   | 7839 | 1981-04-02 | 2975 | NULL |     20 |
|  7654 | MARTIN | SALESMAN  | 7698 | 1981-09-28 | 1250 | 1400 |     30 |
|  7698 | BLAKE  | MANAGER   | 7839 | 1981-05-01 | 2850 | NULL |     30 |
|  7782 | CLARK  | MANAGER   | 7839 | 1981-06-09 | 2450 | NULL |     10 |
|  7788 | SCOTT  | ANALYST   | 7566 | 1987-04-19 | 3000 | NULL |     20 |
|  7839 | KING   | PRESIDENT | NULL | 1981-11-17 | 5000 | NULL |     10 |
|  7844 | TURNER | SALESMAN  | 7698 | 1981-09-08 | 1500 |    0 |     30 |
|  7876 | ADAMS  | CLERK     | 7788 | 1987-05-23 | 1100 | NULL |     20 |
|  7900 | JAMES  | CLERK     | 7698 | 1981-12-03 |  950 | NULL |     30 |
|  7902 | FORD   | ANALYST   | 7566 | 1981-12-03 | 3000 | NULL |     20 |
|  7934 | MILLER | CLERK     | 7782 | 1982-01-23 | 1300 | NULL |     10 |
+-------+--------+-----------+------+------------+------+------+--------+
14 rows in set

mysql> select * from emp order by job
;
+-------+--------+-----------+------+------------+------+------+--------+
| empno | ename  | job       | mgr  | hiredate   | sal  | comm | deptno |
+-------+--------+-----------+------+------------+------+------+--------+
|  7788 | SCOTT  | ANALYST   | 7566 | 1987-04-19 | 3000 | NULL |     20 |
|  7902 | FORD   | ANALYST   | 7566 | 1981-12-03 | 3000 | NULL |     20 |
|  7369 | SMITH  | CLERK     | 7902 | 1980-12-17 |  800 | NULL |     20 |
|  7876 | ADAMS  | CLERK     | 7788 | 1987-05-23 | 1100 | NULL |     20 |
|  7900 | JAMES  | CLERK     | 7698 | 1981-12-03 |  950 | NULL |     30 |
|  7934 | MILLER | CLERK     | 7782 | 1982-01-23 | 1300 | NULL |     10 |
|  7566 | JONES  | MANAGER   | 7839 | 1981-04-02 | 2975 | NULL |     20 |
|  7698 | BLAKE  | MANAGER   | 7839 | 1981-05-01 | 2850 | NULL |     30 |
|  7782 | CLARK  | MANAGER   | 7839 | 1981-06-09 | 2450 | NULL |     10 |
|  7839 | KING   | PRESIDENT | NULL | 1981-11-17 | 5000 | NULL |     10 |
|  7499 | ALLEN  | SALESMAN  | 7698 | 1981-02-20 | 1600 |  300 |     30 |
|  7521 | WARD   | SALESMAN  | 7698 | 1981-02-22 | 1250 |  500 |     30 |
|  7654 | MARTIN | SALESMAN  | 7698 | 1981-09-28 | 1250 | 1400 |     30 |
|  7844 | TURNER | SALESMAN  | 7698 | 1981-09-08 | 1500 |    0 |     30 |
+-------+--------+-----------+------+------------+------+------+--------+
14 rows in set
mysql> select depnto,max(sal),min(sal),sum(sal),avg(sal) from emp group by deptno;
1054 - Unknown column 'depnto' in 'field list'
mysql> select deptno,max(sal),min(sal),sum(sal),avg(sal) from emp group by deptno;
+--------+----------+----------+----------+-------------+
| deptno | max (sal) | min (sal) | sum (sal) | avg (sal) |
+--------+----------+----------+----------+-------------+
|     10 |     5000 |     1300 |  8750.00 | 2916.666667 |
|     20 |     3000 |      800 | 10875.00 |        2175 |
|     30 |     2850 |      950 |  9400.00 | 1566.666667 |
+--------+----------+----------+----------+-------------+
3 rows in set

mysql> select deptno,job from emp group by deptno,job;
+--------+-----------+
| deptno | job       |
+--------+-----------+
|     10 | CLERK     |
|     10 | MANAGER   |
|     10 | PRESIDENT |
|     20 | ANALYST   |
|     20 | CLERK     |
|     20 | MANAGER   |
|     30 | CLERK     |
|     30 | MANAGER   |
|     30 | SALESMAN  |
+--------+-----------+
9 rows in set

mysql> select deptno,count(*) from emp group by deptno;
+--------+----------+
| deptno | count(*) |
+--------+----------+
|     10 |        3 |
|     20 |        5 |
|     30 |        6 |
+--------+----------+
3 rows in set

mysql> select deptno,count(*) from emp group by deptno having count(*)>=5;
+--------+----------+
| deptno | count(*) |
+--------+----------+
|     20 |        5 |
|     30 |        6 |
+--------+----------+
2 rows in set

mysql> select * from emp;
+-------+--------+-----------+------+------------+------+------+--------+
| empno | ename  | job       | mgr  | hiredate   | sal  | comm | deptno |
+-------+--------+-----------+------+------------+------+------+--------+
|  7369 | SMITH  | CLERK     | 7902 | 1980-12-17 |  800 | NULL |     20 |
|  7499 | ALLEN  | SALESMAN  | 7698 | 1981-02-20 | 1600 |  300 |     30 |
|  7521 | WARD   | SALESMAN  | 7698 | 1981-02-22 | 1250 |  500 |     30 |
|  7566 | JONES  | MANAGER   | 7839 | 1981-04-02 | 2975 | NULL |     20 |
|  7654 | MARTIN | SALESMAN  | 7698 | 1981-09-28 | 1250 | 1400 |     30 |
|  7698 | BLAKE  | MANAGER   | 7839 | 1981-05-01 | 2850 | NULL |     30 |
|  7782 | CLARK  | MANAGER   | 7839 | 1981-06-09 | 2450 | NULL |     10 |
|  7788 | SCOTT  | ANALYST   | 7566 | 1987-04-19 | 3000 | NULL |     20 |
|  7839 | KING   | PRESIDENT | NULL | 1981-11-17 | 5000 | NULL |     10 |
|  7844 | TURNER | SALESMAN  | 7698 | 1981-09-08 | 1500 |    0 |     30 |
|  7876 | ADAMS  | CLERK     | 7788 | 1987-05-23 | 1100 | NULL |     20 |
|  7900 | JAMES  | CLERK     | 7698 | 1981-12-03 |  950 | NULL |     30 |
|  7902 | FORD   | ANALYST   | 7566 | 1981-12-03 | 3000 | NULL |     20 |
|  7934 | MILLER | CLERK     | 7782 | 1982-01-23 | 1300 | NULL |     10 |
+-------+--------+-----------+------+------------+------+------+--------+
14 rows in set

mysql> select * from emp limit 0,3;
+-------+-------+----------+------+------------+------+------+--------+
| empno | ename | job      | mgr  | hiredate   | sal  | comm | deptno |
+-------+-------+----------+------+------------+------+------+--------+
|  7369 | SMITH | CLERK    | 7902 | 1980-12-17 |  800 | NULL |     20 |
|  7499 | ALLEN | SALESMAN | 7698 | 1981-02-20 | 1600 |  300 |     30 |
|  7521 | WARD  | SALESMAN | 7698 | 1981-02-22 | 1250 |  500 |     30 |
+-------+-------+----------+------+------------+------+------+--------+
3 rows in set

mysql> select * from emp limit 2,4;
+-------+--------+----------+------+------------+------+------+--------+
| empno | ename  | job      | mgr  | hiredate   | sal  | comm | deptno |
+-------+--------+----------+------+------------+------+------+--------+
|  7521 | WARD   | SALESMAN | 7698 | 1981-02-22 | 1250 |  500 |     30 |
|  7566 | JONES  | MANAGER  | 7839 | 1981-04-02 | 2975 | NULL |     20 |
|  7654 | MARTIN | SALESMAN | 7698 | 1981-09-28 | 1250 | 1400 |     30 |
|  7698 | BLAKE  | MANAGER  | 7839 | 1981-05-01 | 2850 | NULL |     30 |
+-------+--------+----------+------+------------+------+------+--------+
4 rows in set

mysql> select * from emp order by sal ;
+-------+--------+-----------+------+------------+------+------+--------+
| empno | ename  | job       | mgr  | hiredate   | sal  | comm | deptno |
+-------+--------+-----------+------+------------+------+------+--------+
|  7369 | SMITH  | CLERK     | 7902 | 1980-12-17 |  800 | NULL |     20 |
|  7900 | JAMES  | CLERK     | 7698 | 1981-12-03 |  950 | NULL |     30 |
|  7876 | ADAMS  | CLERK     | 7788 | 1987-05-23 | 1100 | NULL |     20 |
|  7521 | WARD   | SALESMAN  | 7698 | 1981-02-22 | 1250 |  500 |     30 |
|  7654 | MARTIN | SALESMAN  | 7698 | 1981-09-28 | 1250 | 1400 |     30 |
|  7934 | MILLER | CLERK     | 7782 | 1982-01-23 | 1300 | NULL |     10 |
|  7844 | TURNER | SALESMAN  | 7698 | 1981-09-08 | 1500 |    0 |     30 |
|  7499 | ALLEN  | SALESMAN  | 7698 | 1981-02-20 | 1600 |  300 |     30 |
|  7782 | CLARK  | MANAGER   | 7839 | 1981-06-09 | 2450 | NULL |     10 |
|  7698 | BLAKE  | MANAGER   | 7839 | 1981-05-01 | 2850 | NULL |     30 |
|  7566 | JONES  | MANAGER   | 7839 | 1981-04-02 | 2975 | NULL |     20 |
|  7788 | SCOTT  | ANALYST   | 7566 | 1987-04-19 | 3000 | NULL |     20 |
|  7902 | FORD   | ANALYST   | 7566 | 1981-12-03 | 3000 | NULL |     20 |
|  7839 | KING   | PRESIDENT | NULL | 1981-11-17 | 5000 | NULL |     10 |
+-------+--------+-----------+------+------------+------+------+--------+
14 rows in set

mysql> select * from emp order by sal desc;
+-------+--------+-----------+------+------------+------+------+--------+
| empno | ename  | job       | mgr  | hiredate   | sal  | comm | deptno |
+-------+--------+-----------+------+------------+------+------+--------+
|  7839 | KING   | PRESIDENT | NULL | 1981-11-17 | 5000 | NULL |     10 |
|  7788 | SCOTT  | ANALYST   | 7566 | 1987-04-19 | 3000 | NULL |     20 |
|  7902 | FORD   | ANALYST   | 7566 | 1981-12-03 | 3000 | NULL |     20 |
|  7566 | JONES  | MANAGER   | 7839 | 1981-04-02 | 2975 | NULL |     20 |
|  7698 | BLAKE  | MANAGER   | 7839 | 1981-05-01 | 2850 | NULL |     30 |
|  7782 | CLARK  | MANAGER   | 7839 | 1981-06-09 | 2450 | NULL |     10 |
|  7499 | ALLEN  | SALESMAN  | 7698 | 1981-02-20 | 1600 |  300 |     30 |
|  7844 | TURNER | SALESMAN  | 7698 | 1981-09-08 | 1500 |    0 |     30 |
|  7934 | MILLER | CLERK     | 7782 | 1982-01-23 | 1300 | NULL |     10 |
|  7521 | WARD   | SALESMAN  | 7698 | 1981-02-22 | 1250 |  500 |     30 |
|  7654 | MARTIN | SALESMAN  | 7698 | 1981-09-28 | 1250 | 1400 |     30 |
|  7876 | ADAMS  | CLERK     | 7788 | 1987-05-23 | 1100 | NULL |     20 |
|  7900 | JAMES  | CLERK     | 7698 | 1981-12-03 |  950 | NULL |     30 |
|  7369 | SMITH  | CLERK     | 7902 | 1980-12-17 |  800 | NULL |     20 |
+-------+--------+-----------+------+------------+------+------+--------+
14 rows in set

mysql> select * from emp order by sal desc limit 0,5;
+-------+-------+-----------+------+------------+------+------+--------+
| empno | ename | job       | mgr  | hiredate   | sal  | comm | deptno |
+-------+-------+-----------+------+------------+------+------+--------+
|  7839 | KING  | PRESIDENT | NULL | 1981-11-17 | 5000 | NULL |     10 |
|  7902 | FORD  | ANALYST   | 7566 | 1981-12-03 | 3000 | NULL |     20 |
|  7788 | SCOTT | ANALYST   | 7566 | 1987-04-19 | 3000 | NULL |     20 |
|  7566 | JONES | MANAGER   | 7839 | 1981-04-02 | 2975 | NULL |     20 |
|  7698 | BLAKE | MANAGER   | 7839 | 1981-05-01 | 2850 | NULL |     30 |
+-------+-------+-----------+------+------------+------+------+--------+
5 rows in set

mysql> select * from emp;
+-------+--------+-----------+------+------------+------+------+--------+
| empno | ename  | job       | mgr  | hiredate   | sal  | comm | deptno |
+-------+--------+-----------+------+------------+------+------+--------+
|  7369 | SMITH  | CLERK     | 7902 | 1980-12-17 |  800 | NULL |     20 |
|  7499 | ALLEN  | SALESMAN  | 7698 | 1981-02-20 | 1600 |  300 |     30 |
|  7521 | WARD   | SALESMAN  | 7698 | 1981-02-22 | 1250 |  500 |     30 |
|  7566 | JONES  | MANAGER   | 7839 | 1981-04-02 | 2975 | NULL |     20 |
|  7654 | MARTIN | SALESMAN  | 7698 | 1981-09-28 | 1250 | 1400 |     30 |
|  7698 | BLAKE  | MANAGER   | 7839 | 1981-05-01 | 2850 | NULL |     30 |
|  7782 | CLARK  | MANAGER   | 7839 | 1981-06-09 | 2450 | NULL |     10 |
|  7788 | SCOTT  | ANALYST   | 7566 | 1987-04-19 | 3000 | NULL |     20 |
|  7839 | KING   | PRESIDENT | NULL | 1981-11-17 | 5000 | NULL |     10 |
|  7844 | TURNER | SALESMAN  | 7698 | 1981-09-08 | 1500 |    0 |     30 |
|  7876 | ADAMS  | CLERK     | 7788 | 1987-05-23 | 1100 | NULL |     20 |
|  7900 | JAMES  | CLERK     | 7698 | 1981-12-03 |  950 | NULL |     30 |
|  7902 | FORD   | ANALYST   | 7566 | 1981-12-03 | 3000 | NULL |     20 |
|  7934 | MILLER | CLERK     | 7782 | 1982-01-23 | 1300 | NULL |     10 |
+-------+--------+-----------+------+------------+------+------+--------+
14 rows in set

mysql> select * from dept;
+--------+------------+----------+
| deptno | dname      | loc      |
+--------+------------+----------+
|     10 | ACCOUNTING | NEW YORK |
|     20 | RESEARCH   | DALLAS   |
|     30 | SALES      | CHICAGO  |
|     40 | OPERATIONS | BOSTON   |
+--------+------------+----------+
4 rows in set

mysql> select  emp.*,dept.* from emp,dept;
+-------+--------+-----------+------+------------+------+------+--------+--------+------------+----------+
| empno | ename  | job       | mgr  | hiredate   | sal  | comm | deptno | deptno | dname      | loc      |
+-------+--------+-----------+------+------------+------+------+--------+--------+------------+----------+
|  7369 | SMITH  | CLERK     | 7902 | 1980-12-17 |  800 | NULL |     20 |     10 | ACCOUNTING | NEW YORK |
|  7369 | SMITH  | CLERK     | 7902 | 1980-12-17 |  800 | NULL |     20 |     20 | RESEARCH   | DALLAS   |
|  7369 | SMITH  | CLERK     | 7902 | 1980-12-17 |  800 | NULL |     20 |     30 | SALES      | CHICAGO  |
|  7369 | SMITH  | CLERK     | 7902 | 1980-12-17 |  800 | NULL |     20 |     40 | OPERATIONS | BOSTON   |
|  7499 | ALLEN  | SALESMAN  | 7698 | 1981-02-20 | 1600 |  300 |     30 |     10 | ACCOUNTING | NEW YORK |
|  7499 | ALLEN  | SALESMAN  | 7698 | 1981-02-20 | 1600 |  300 |     30 |     20 | RESEARCH   | DALLAS   |
|  7499 | ALLEN  | SALESMAN  | 7698 | 1981-02-20 | 1600 |  300 |     30 |     30 | SALES      | CHICAGO  |
|  7499 | ALLEN  | SALESMAN  | 7698 | 1981-02-20 | 1600 |  300 |     30 |     40 | OPERATIONS | BOSTON   |
|  7521 | WARD   | SALESMAN  | 7698 | 1981-02-22 | 1250 |  500 |     30 |     10 | ACCOUNTING | NEW YORK |
|  7521 | WARD   | SALESMAN  | 7698 | 1981-02-22 | 1250 |  500 |     30 |     20 | RESEARCH   | DALLAS   |
|  7521 | WARD   | SALESMAN  | 7698 | 1981-02-22 | 1250 |  500 |     30 |     30 | SALES      | CHICAGO  |
|  7521 | WARD   | SALESMAN  | 7698 | 1981-02-22 | 1250 |  500 |     30 |     40 | OPERATIONS | BOSTON   |
|  7566 | JONES  | MANAGER   | 7839 | 1981-04-02 | 2975 | NULL |     20 |     10 | ACCOUNTING | NEW YORK |
|  7566 | JONES  | MANAGER   | 7839 | 1981-04-02 | 2975 | NULL |     20 |     20 | RESEARCH   | DALLAS   |
|  7566 | JONES  | MANAGER   | 7839 | 1981-04-02 | 2975 | NULL |     20 |     30 | SALES      | CHICAGO  |
|  7566 | JONES  | MANAGER   | 7839 | 1981-04-02 | 2975 | NULL |     20 |     40 | OPERATIONS | BOSTON   |
|  7654 | MARTIN | SALESMAN  | 7698 | 1981-09-28 | 1250 | 1400 |     30 |     10 | ACCOUNTING | NEW YORK |
|  7654 | MARTIN | SALESMAN  | 7698 | 1981-09-28 | 1250 | 1400 |     30 |     20 | RESEARCH   | DALLAS   |
|  7654 | MARTIN | SALESMAN  | 7698 | 1981-09-28 | 1250 | 1400 |     30 |     30 | SALES      | CHICAGO  |
|  7654 | MARTIN | SALESMAN  | 7698 | 1981-09-28 | 1250 | 1400 |     30 |     40 | OPERATIONS | BOSTON   |
|  7698 | BLAKE  | MANAGER   | 7839 | 1981-05-01 | 2850 | NULL |     30 |     10 | ACCOUNTING | NEW YORK |
|  7698 | BLAKE  | MANAGER   | 7839 | 1981-05-01 | 2850 | NULL |     30 |     20 | RESEARCH   | DALLAS   |
|  7698 | BLAKE  | MANAGER   | 7839 | 1981-05-01 | 2850 | NULL |     30 |     30 | SALES      | CHICAGO  |
|  7698 | BLAKE  | MANAGER   | 7839 | 1981-05-01 | 2850 | NULL |     30 |     40 | OPERATIONS | BOSTON   |
|  7782 | CLARK  | MANAGER   | 7839 | 1981-06-09 | 2450 | NULL |     10 |     10 | ACCOUNTING | NEW YORK |
|  7782 | CLARK  | MANAGER   | 7839 | 1981-06-09 | 2450 | NULL |     10 |     20 | RESEARCH   | DALLAS   |
|  7782 | CLARK  | MANAGER   | 7839 | 1981-06-09 | 2450 | NULL |     10 |     30 | SALES      | CHICAGO  |
|  7782 | CLARK  | MANAGER   | 7839 | 1981-06-09 | 2450 | NULL |     10 |     40 | OPERATIONS | BOSTON   |
|  7788 | SCOTT  | ANALYST   | 7566 | 1987-04-19 | 3000 | NULL |     20 |     10 | ACCOUNTING | NEW YORK |
|  7788 | SCOTT  | ANALYST   | 7566 | 1987-04-19 | 3000 | NULL |     20 |     20 | RESEARCH   | DALLAS   |
|  7788 | SCOTT  | ANALYST   | 7566 | 1987-04-19 | 3000 | NULL |     20 |     30 | SALES      | CHICAGO  |
|  7788 | SCOTT  | ANALYST   | 7566 | 1987-04-19 | 3000 | NULL |     20 |     40 | OPERATIONS | BOSTON   |
|  7839 | KING   | PRESIDENT | NULL | 1981-11-17 | 5000 | NULL |     10 |     10 | ACCOUNTING | NEW YORK |
|  7839 | KING   | PRESIDENT | NULL | 1981-11-17 | 5000 | NULL |     10 |     20 | RESEARCH   | DALLAS   |
|  7839 | KING   | PRESIDENT | NULL | 1981-11-17 | 5000 | NULL |     10 |     30 | SALES      | CHICAGO  |
|  7839 | KING   | PRESIDENT | NULL | 1981-11-17 | 5000 | NULL |     10 |     40 | OPERATIONS | BOSTON   |
|  7844 | TURNER | SALESMAN  | 7698 | 1981-09-08 | 1500 |    0 |     30 |     10 | ACCOUNTING | NEW YORK |
|  7844 | TURNER | SALESMAN  | 7698 | 1981-09-08 | 1500 |    0 |     30 |     20 | RESEARCH   | DALLAS   |
|  7844 | TURNER | SALESMAN  | 7698 | 1981-09-08 | 1500 |    0 |     30 |     30 | SALES      | CHICAGO  |
|  7844 | TURNER | SALESMAN  | 7698 | 1981-09-08 | 1500 |    0 |     30 |     40 | OPERATIONS | BOSTON   |
|  7876 | ADAMS  | CLERK     | 7788 | 1987-05-23 | 1100 | NULL |     20 |     10 | ACCOUNTING | NEW YORK |
|  7876 | ADAMS  | CLERK     | 7788 | 1987-05-23 | 1100 | NULL |     20 |     20 | RESEARCH   | DALLAS   |
|  7876 | ADAMS  | CLERK     | 7788 | 1987-05-23 | 1100 | NULL |     20 |     30 | SALES      | CHICAGO  |
|  7876 | ADAMS  | CLERK     | 7788 | 1987-05-23 | 1100 | NULL |     20 |     40 | OPERATIONS | BOSTON   |
|  7900 | JAMES  | CLERK     | 7698 | 1981-12-03 |  950 | NULL |     30 |     10 | ACCOUNTING | NEW YORK |
|  7900 | JAMES  | CLERK     | 7698 | 1981-12-03 |  950 | NULL |     30 |     20 | RESEARCH   | DALLAS   |
|  7900 | JAMES  | CLERK     | 7698 | 1981-12-03 |  950 | NULL |     30 |     30 | SALES      | CHICAGO  |
|  7900 | JAMES  | CLERK     | 7698 | 1981-12-03 |  950 | NULL |     30 |     40 | OPERATIONS | BOSTON   |
|  7902 | FORD   | ANALYST   | 7566 | 1981-12-03 | 3000 | NULL |     20 |     10 | ACCOUNTING | NEW YORK |
|  7902 | FORD   | ANALYST   | 7566 | 1981-12-03 | 3000 | NULL |     20 |     20 | RESEARCH   | DALLAS   |
|  7902 | FORD   | ANALYST   | 7566 | 1981-12-03 | 3000 | NULL |     20 |     30 | SALES      | CHICAGO  |
|  7902 | FORD   | ANALYST   | 7566 | 1981-12-03 | 3000 | NULL |     20 |     40 | OPERATIONS | BOSTON   |
|  7934 | MILLER | CLERK     | 7782 | 1982-01-23 | 1300 | NULL |     10 |     10 | ACCOUNTING | NEW YORK |
|  7934 | MILLER | CLERK     | 7782 | 1982-01-23 | 1300 | NULL |     10 |     20 | RESEARCH   | DALLAS   |
|  7934 | MILLER | CLERK     | 7782 | 1982-01-23 | 1300 | NULL |     10 |     30 | SALES      | CHICAGO  |
|  7934 | MILLER | CLERK     | 7782 | 1982-01-23 | 1300 | NULL |     10 |     40 | OPERATIONS | BOSTON   |
+-------+--------+-----------+------+------------+------+------+--------+--------+------------+----------+
56 rows in set

mysql> select  emp.*,dept.* from emp,dept where emp.deptno=dept.deptno;
+-------+--------+-----------+------+------------+------+------+--------+--------+------------+----------+
| empno | ename  | job       | mgr  | hiredate   | sal  | comm | deptno | deptno | dname      | loc      |
+-------+--------+-----------+------+------------+------+------+--------+--------+------------+----------+
|  7369 | SMITH  | CLERK     | 7902 | 1980-12-17 |  800 | NULL |     20 |     20 | RESEARCH   | DALLAS   |
|  7499 | ALLEN  | SALESMAN  | 7698 | 1981-02-20 | 1600 |  300 |     30 |     30 | SALES      | CHICAGO  |
|  7521 | WARD   | SALESMAN  | 7698 | 1981-02-22 | 1250 |  500 |     30 |     30 | SALES      | CHICAGO  |
|  7566 | JONES  | MANAGER   | 7839 | 1981-04-02 | 2975 | NULL |     20 |     20 | RESEARCH   | DALLAS   |
|  7654 | MARTIN | SALESMAN  | 7698 | 1981-09-28 | 1250 | 1400 |     30 |     30 | SALES      | CHICAGO  |
|  7698 | BLAKE  | MANAGER   | 7839 | 1981-05-01 | 2850 | NULL |     30 |     30 | SALES      | CHICAGO  |
|  7782 | CLARK  | MANAGER   | 7839 | 1981-06-09 | 2450 | NULL |     10 |     10 | ACCOUNTING | NEW YORK |
|  7788 | SCOTT  | ANALYST   | 7566 | 1987-04-19 | 3000 | NULL |     20 |     20 | RESEARCH   | DALLAS   |
|  7839 | KING   | PRESIDENT | NULL | 1981-11-17 | 5000 | NULL |     10 |     10 | ACCOUNTING | NEW YORK |
|  7844 | TURNER | SALESMAN  | 7698 | 1981-09-08 | 1500 |    0 |     30 |     30 | SALES      | CHICAGO  |
|  7876 | ADAMS  | CLERK     | 7788 | 1987-05-23 | 1100 | NULL |     20 |     20 | RESEARCH   | DALLAS   |
|  7900 | JAMES  | CLERK     | 7698 | 1981-12-03 |  950 | NULL |     30 |     30 | SALES      | CHICAGO  |
|  7902 | FORD   | ANALYST   | 7566 | 1981-12-03 | 3000 | NULL |     20 |     20 | RESEARCH   | DALLAS   |
|  7934 | MILLER | CLERK     | 7782 | 1982-01-23 | 1300 | NULL |     10 |     10 | ACCOUNTING | NEW YORK |
+-------+--------+-----------+------+------------+------+------+--------+--------+------------+----------+
14 rows in set

mysql> select * from salgrade;
+-------+-------+-------+
| grade | losal | hisal |
+-------+-------+-------+
|     1 |   700 |  1200 |
|     2 |  1201 |  1400 |
|     3 |  1401 |  2000 |
|     4 |  2001 |  3000 |
|     5 |  3001 |  9999 |
+-------+-------+-------+
5 rows in set

mysql> select * from emp;
+-------+--------+-----------+------+------------+------+------+--------+
| empno | ename  | job       | mgr  | hiredate   | sal  | comm | deptno |
+-------+--------+-----------+------+------------+------+------+--------+
|  7369 | SMITH  | CLERK     | 7902 | 1980-12-17 |  800 | NULL |     20 |
|  7499 | ALLEN  | SALESMAN  | 7698 | 1981-02-20 | 1600 |  300 |     30 |
|  7521 | WARD   | SALESMAN  | 7698 | 1981-02-22 | 1250 |  500 |     30 |
|  7566 | JONES  | MANAGER   | 7839 | 1981-04-02 | 2975 | NULL |     20 |
|  7654 | MARTIN | SALESMAN  | 7698 | 1981-09-28 | 1250 | 1400 |     30 |
|  7698 | BLAKE  | MANAGER   | 7839 | 1981-05-01 | 2850 | NULL |     30 |
|  7782 | CLARK  | MANAGER   | 7839 | 1981-06-09 | 2450 | NULL |     10 |
|  7788 | SCOTT  | ANALYST   | 7566 | 1987-04-19 | 3000 | NULL |     20 |
|  7839 | KING   | PRESIDENT | NULL | 1981-11-17 | 5000 | NULL |     10 |
|  7844 | TURNER | SALESMAN  | 7698 | 1981-09-08 | 1500 |    0 |     30 |
|  7876 | ADAMS  | CLERK     | 7788 | 1987-05-23 | 1100 | NULL |     20 |
|  7900 | JAMES  | CLERK     | 7698 | 1981-12-03 |  950 | NULL |     30 |
|  7902 | FORD   | ANALYST   | 7566 | 1981-12-03 | 3000 | NULL |     20 |
|  7934 | MILLER | CLERK     | 7782 | 1982-01-23 | 1300 | NULL |     10 |
+-------+--------+-----------+------+------------+------+------+--------+
14 rows in set

mysql> insert into emp value(9527,�´�,'java',7839,'2019-7-26',5566,null,null);
1054 - Unknown column '�´�' in 'field list'
mysql> insert into emp value(9527,'�´�','java',7839,'2019-7-26',5566,null,null);
Query OK, 1 row affected

mysql> select * from emp;
+-------+--------+-----------+------+------------+------+------+--------+
| empno | ename  | job       | mgr  | hiredate   | sal  | comm | deptno |
+-------+--------+-----------+------+------------+------+------+--------+
|  7369 | SMITH  | CLERK     | 7902 | 1980-12-17 |  800 | NULL |     20 |
|  7499 | ALLEN  | SALESMAN  | 7698 | 1981-02-20 | 1600 |  300 |     30 |
|  7521 | WARD   | SALESMAN  | 7698 | 1981-02-22 | 1250 |  500 |     30 |
|  7566 | JONES  | MANAGER   | 7839 | 1981-04-02 | 2975 | NULL |     20 |
|  7654 | MARTIN | SALESMAN  | 7698 | 1981-09-28 | 1250 | 1400 |     30 |
|  7698 | BLAKE  | MANAGER   | 7839 | 1981-05-01 | 2850 | NULL |     30 |
|  7782 | CLARK  | MANAGER   | 7839 | 1981-06-09 | 2450 | NULL |     10 |
|  7788 | SCOTT  | ANALYST   | 7566 | 1987-04-19 | 3000 | NULL |     20 |
|  7839 | KING   | PRESIDENT | NULL | 1981-11-17 | 5000 | NULL |     10 |
|  7844 | TURNER | SALESMAN  | 7698 | 1981-09-08 | 1500 |    0 |     30 |
|  7876 | ADAMS  | CLERK     | 7788 | 1987-05-23 | 1100 | NULL |     20 |
|  7900 | JAMES  | CLERK     | 7698 | 1981-12-03 |  950 | NULL |     30 |
|  7902 | FORD   | ANALYST   | 7566 | 1981-12-03 | 3000 | NULL |     20 |
|  7934 | MILLER | CLERK     | 7782 | 1982-01-23 | 1300 | NULL |     10 |
|  9527 | �´�   | java      | 7839 | 2019-07-26 | 5566 | NULL | NULL   |
+-------+--------+-----------+------+------------+------+------+--------+
15 rows in set

mysql> select * from emp e inner join dept d on e.deptno=d.deptno;
+-------+--------+-----------+------+------------+------+------+--------+--------+------------+----------+
| empno | ename  | job       | mgr  | hiredate   | sal  | comm | deptno | deptno | dname      | loc      |
+-------+--------+-----------+------+------------+------+------+--------+--------+------------+----------+
|  7369 | SMITH  | CLERK     | 7902 | 1980-12-17 |  800 | NULL |     20 |     20 | RESEARCH   | DALLAS   |
|  7499 | ALLEN  | SALESMAN  | 7698 | 1981-02-20 | 1600 |  300 |     30 |     30 | SALES      | CHICAGO  |
|  7521 | WARD   | SALESMAN  | 7698 | 1981-02-22 | 1250 |  500 |     30 |     30 | SALES      | CHICAGO  |
|  7566 | JONES  | MANAGER   | 7839 | 1981-04-02 | 2975 | NULL |     20 |     20 | RESEARCH   | DALLAS   |
|  7654 | MARTIN | SALESMAN  | 7698 | 1981-09-28 | 1250 | 1400 |     30 |     30 | SALES      | CHICAGO  |
|  7698 | BLAKE  | MANAGER   | 7839 | 1981-05-01 | 2850 | NULL |     30 |     30 | SALES      | CHICAGO  |
|  7782 | CLARK  | MANAGER   | 7839 | 1981-06-09 | 2450 | NULL |     10 |     10 | ACCOUNTING | NEW YORK |
|  7788 | SCOTT  | ANALYST   | 7566 | 1987-04-19 | 3000 | NULL |     20 |     20 | RESEARCH   | DALLAS   |
|  7839 | KING   | PRESIDENT | NULL | 1981-11-17 | 5000 | NULL |     10 |     10 | ACCOUNTING | NEW YORK |
|  7844 | TURNER | SALESMAN  | 7698 | 1981-09-08 | 1500 |    0 |     30 |     30 | SALES      | CHICAGO  |
|  7876 | ADAMS  | CLERK     | 7788 | 1987-05-23 | 1100 | NULL |     20 |     20 | RESEARCH   | DALLAS   |
|  7900 | JAMES  | CLERK     | 7698 | 1981-12-03 |  950 | NULL |     30 |     30 | SALES      | CHICAGO  |
|  7902 | FORD   | ANALYST   | 7566 | 1981-12-03 | 3000 | NULL |     20 |     20 | RESEARCH   | DALLAS   |
|  7934 | MILLER | CLERK     | 7782 | 1982-01-23 | 1300 | NULL |     10 |     10 | ACCOUNTING | NEW YORK |
+-------+--------+-----------+------+------------+------+------+--------+--------+------------+----------+
14 rows in set

mysql> select * from emp e left outer join dept d on e.deptno=d.deptno;
+-------+--------+-----------+------+------------+------+------+--------+--------+------------+----------+
| empno | ename  | job       | mgr  | hiredate   | sal  | comm | deptno | deptno | dname      | loc      |
+-------+--------+-----------+------+------------+------+------+--------+--------+------------+----------+
|  7782 | CLARK  | MANAGER   | 7839 | 1981-06-09 | 2450 | NULL |     10 |     10 | ACCOUNTING | NEW YORK |
|  7839 | KING   | PRESIDENT | NULL | 1981-11-17 | 5000 | NULL |     10 |     10 | ACCOUNTING | NEW YORK |
|  7934 | MILLER | CLERK     | 7782 | 1982-01-23 | 1300 | NULL |     10 |     10 | ACCOUNTING | NEW YORK |
|  7369 | SMITH  | CLERK     | 7902 | 1980-12-17 |  800 | NULL |     20 |     20 | RESEARCH   | DALLAS   |
|  7566 | JONES  | MANAGER   | 7839 | 1981-04-02 | 2975 | NULL |     20 |     20 | RESEARCH   | DALLAS   |
|  7788 | SCOTT  | ANALYST   | 7566 | 1987-04-19 | 3000 | NULL |     20 |     20 | RESEARCH   | DALLAS   |
|  7876 | ADAMS  | CLERK     | 7788 | 1987-05-23 | 1100 | NULL |     20 |     20 | RESEARCH   | DALLAS   |
|  7902 | FORD   | ANALYST   | 7566 | 1981-12-03 | 3000 | NULL |     20 |     20 | RESEARCH   | DALLAS   |
|  7499 | ALLEN  | SALESMAN  | 7698 | 1981-02-20 | 1600 |  300 |     30 |     30 | SALES      | CHICAGO  |
|  7521 | WARD   | SALESMAN  | 7698 | 1981-02-22 | 1250 |  500 |     30 |     30 | SALES      | CHICAGO  |
|  7654 | MARTIN | SALESMAN  | 7698 | 1981-09-28 | 1250 | 1400 |     30 |     30 | SALES      | CHICAGO  |
|  7698 | BLAKE  | MANAGER   | 7839 | 1981-05-01 | 2850 | NULL |     30 |     30 | SALES      | CHICAGO  |
|  7844 | TURNER | SALESMAN  | 7698 | 1981-09-08 | 1500 |    0 |     30 |     30 | SALES      | CHICAGO  |
|  7900 | JAMES  | CLERK     | 7698 | 1981-12-03 |  950 | NULL |     30 |     30 | SALES      | CHICAGO  |
|  9527 | �´�   | java      | 7839 | 2019-07-26 | 5566 | NULL | NULL   | NULL   | NULL       | NULL     |
+-------+--------+-----------+------+------------+------+------+--------+--------+------------+----------+
15 rows in set

mysql> select * from dept;
+--------+------------+----------+
| deptno | dname      | loc      |
+--------+------------+----------+
|     10 | ACCOUNTING | NEW YORK |
|     20 | RESEARCH   | DALLAS   |
|     30 | SALES      | CHICAGO  |
|     40 | OPERATIONS | BOSTON   |
+--------+------------+----------+
4 rows in set

mysql> select e.empno,e.ename,e.deptno,d.dname from emp e left outer join dept d on e.deptno=d.deptno;
+-------+--------+--------+------------+
| empno | ename  | deptno | dname      |
+-------+--------+--------+------------+
|  7782 | CLARK  |     10 | ACCOUNTING |
|  7839 | KING   |     10 | ACCOUNTING |
|  7934 | MILLER |     10 | ACCOUNTING |
|  7369 | SMITH  |     20 | RESEARCH   |
|  7566 | JONES  |     20 | RESEARCH   |
|  7788 | SCOTT  |     20 | RESEARCH   |
|  7876 | ADAMS  |     20 | RESEARCH   |
|  7902 | FORD   |     20 | RESEARCH   |
| 7499 | ALLEN | 30 | SALES |
|  7521 | WARD   |     30 | SALES      |
|  7654 | MARTIN |     30 | SALES      |
|  7698 | BLAKE  |     30 | SALES      |
|  7844 | TURNER |     30 | SALES      |
|  7900 | JAMES  |     30 | SALES      |
| 9527 |  ´  | NULL | NULL |
+-------+--------+--------+------------+
15 rows in set

mysql> select * from emp e right outer join dept d on e.deptno=d.deptno;
+-------+--------+-----------+------+------------+------+------+--------+--------+------------+----------+
| empno | ename  | job       | mgr  | hiredate   | sal  | comm | deptno | deptno | dname      | loc      |
+-------+--------+-----------+------+------------+------+------+--------+--------+------------+----------+
|  7369 | SMITH  | CLERK     | 7902 | 1980-12-17 |  800 | NULL |     20 |     20 | RESEARCH   | DALLAS   |
|  7499 | ALLEN  | SALESMAN  | 7698 | 1981-02-20 | 1600 |  300 |     30 |     30 | SALES      | CHICAGO  |
|  7521 | WARD   | SALESMAN  | 7698 | 1981-02-22 | 1250 |  500 |     30 |     30 | SALES      | CHICAGO  |
|  7566 | JONES  | MANAGER   | 7839 | 1981-04-02 | 2975 | NULL |     20 |     20 | RESEARCH   | DALLAS   |
|  7654 | MARTIN | SALESMAN  | 7698 | 1981-09-28 | 1250 | 1400 |     30 |     30 | SALES      | CHICAGO  |
|  7698 | BLAKE  | MANAGER   | 7839 | 1981-05-01 | 2850 | NULL |     30 |     30 | SALES      | CHICAGO  |
|  7782 | CLARK  | MANAGER   | 7839 | 1981-06-09 | 2450 | NULL |     10 |     10 | ACCOUNTING | NEW YORK |
|  7788 | SCOTT  | ANALYST   | 7566 | 1987-04-19 | 3000 | NULL |     20 |     20 | RESEARCH   | DALLAS   |
|  7839 | KING   | PRESIDENT | NULL | 1981-11-17 | 5000 | NULL |     10 |     10 | ACCOUNTING | NEW YORK |
|  7844 | TURNER | SALESMAN  | 7698 | 1981-09-08 | 1500 |    0 |     30 |     30 | SALES      | CHICAGO  |
|  7876 | ADAMS  | CLERK     | 7788 | 1987-05-23 | 1100 | NULL |     20 |     20 | RESEARCH   | DALLAS   |
|  7900 | JAMES  | CLERK     | 7698 | 1981-12-03 |  950 | NULL |     30 |     30 | SALES      | CHICAGO  |
|  7902 | FORD   | ANALYST   | 7566 | 1981-12-03 | 3000 | NULL |     20 |     20 | RESEARCH   | DALLAS   |
|  7934 | MILLER | CLERK     | 7782 | 1982-01-23 | 1300 | NULL |     10 |     10 | ACCOUNTING | NEW YORK |
| NULL  | NULL   | NULL      | NULL | NULL       | NULL | NULL | NULL   |     40 | OPERATIONS | BOSTON   |
+-------+--------+-----------+------+------------+------+------+--------+--------+------------+----------+
15 rows in set

mysql> select * from salgrade;
+-------+-------+-------+
| grade | losal | hisal |
+-------+-------+-------+
|     1 |   700 |  1200 |
|     2 |  1201 |  1400 |
|     3 |  1401 |  2000 |
|     4 |  2001 |  3000 |
|     5 |  3001 |  9999 |
+-------+-------+-------+
5 rows in set

mysql> select e.*,s.* from emp e left outer join salgrade s on e.sal between s.losal and s.hisal;
+-------+--------+-----------+------+------------+------+------+--------+-------+-------+-------+
| empno | ename  | job       | mgr  | hiredate   | sal  | comm | deptno | grade | losal | hisal |
+-------+--------+-----------+------+------------+------+------+--------+-------+-------+-------+
|  7369 | SMITH  | CLERK     | 7902 | 1980-12-17 |  800 | NULL |     20 |     1 |   700 |  1200 |
|  7876 | ADAMS  | CLERK     | 7788 | 1987-05-23 | 1100 | NULL |     20 |     1 |   700 |  1200 |
|  7900 | JAMES  | CLERK     | 7698 | 1981-12-03 |  950 | NULL |     30 |     1 |   700 |  1200 |
|  7521 | WARD   | SALESMAN  | 7698 | 1981-02-22 | 1250 |  500 |     30 |     2 |  1201 |  1400 |
|  7654 | MARTIN | SALESMAN  | 7698 | 1981-09-28 | 1250 | 1400 |     30 |     2 |  1201 |  1400 |
|  7934 | MILLER | CLERK     | 7782 | 1982-01-23 | 1300 | NULL |     10 |     2 |  1201 |  1400 |
|  7499 | ALLEN  | SALESMAN  | 7698 | 1981-02-20 | 1600 |  300 |     30 |     3 |  1401 |  2000 |
|  7844 | TURNER | SALESMAN  | 7698 | 1981-09-08 | 1500 |    0 |     30 |     3 |  1401 |  2000 |
|  7566 | JONES  | MANAGER   | 7839 | 1981-04-02 | 2975 | NULL |     20 |     4 |  2001 |  3000 |
|  7698 | BLAKE  | MANAGER   | 7839 | 1981-05-01 | 2850 | NULL |     30 |     4 |  2001 |  3000 |
|  7782 | CLARK  | MANAGER   | 7839 | 1981-06-09 | 2450 | NULL |     10 |     4 |  2001 |  3000 |
|  7788 | SCOTT  | ANALYST   | 7566 | 1987-04-19 | 3000 | NULL |     20 |     4 |  2001 |  3000 |
|  7902 | FORD   | ANALYST   | 7566 | 1981-12-03 | 3000 | NULL |     20 |     4 |  2001 |  3000 |
|  7839 | KING   | PRESIDENT | NULL | 1981-11-17 | 5000 | NULL |     10 |     5 |  3001 |  9999 |
|  9527 | �´�   | java      | 7839 | 2019-07-26 | 5566 | NULL | NULL   |     5 |  3001 |  9999 |
+-------+--------+-----------+------+------------+------+------+--------+-------+-------+-------+
15 rows in set

mysql> select e.empno,e.ename,e.job,e.sal,e.comm,s.*,d.* from emp e,dept d,salgrade s where e.sal between s.losal and s.hisal and e.deptno=d.deptno;
+-------+--------+-----------+------+------+-------+-------+-------+--------+------------+----------+
| empno | ename  | job       | sal  | comm | grade | losal | hisal | deptno | dname      | loc      |
+-------+--------+-----------+------+------+-------+-------+-------+--------+------------+----------+
|  7369 | SMITH  | CLERK     |  800 | NULL |     1 |   700 |  1200 |     20 | RESEARCH   | DALLAS   |
|  7499 | ALLEN  | SALESMAN  | 1600 |  300 |     3 |  1401 |  2000 |     30 | SALES      | CHICAGO  |
|  7521 | WARD   | SALESMAN  | 1250 |  500 |     2 |  1201 |  1400 |     30 | SALES      | CHICAGO  |
|  7566 | JONES  | MANAGER   | 2975 | NULL |     4 |  2001 |  3000 |     20 | RESEARCH   | DALLAS   |
|  7654 | MARTIN | SALESMAN  | 1250 | 1400 |     2 |  1201 |  1400 |     30 | SALES      | CHICAGO  |
|  7698 | BLAKE  | MANAGER   | 2850 | NULL |     4 |  2001 |  3000 |     30 | SALES      | CHICAGO  |
|  7782 | CLARK  | MANAGER   | 2450 | NULL |     4 |  2001 |  3000 |     10 | ACCOUNTING | NEW YORK |
|  7788 | SCOTT  | ANALYST   | 3000 | NULL |     4 |  2001 |  3000 |     20 | RESEARCH   | DALLAS   |
|  7839 | KING   | PRESIDENT | 5000 | NULL |     5 |  3001 |  9999 |     10 | ACCOUNTING | NEW YORK |
|  7844 | TURNER | SALESMAN  | 1500 |    0 |     3 |  1401 |  2000 |     30 | SALES      | CHICAGO  |
|  7876 | ADAMS  | CLERK     | 1100 | NULL |     1 |   700 |  1200 |     20 | RESEARCH   | DALLAS   |
|  7900 | JAMES  | CLERK     |  950 | NULL |     1 |   700 |  1200 |     30 | SALES      | CHICAGO  |
|  7902 | FORD   | ANALYST   | 3000 | NULL |     4 |  2001 |  3000 |     20 | RESEARCH   | DALLAS   |
|  7934 | MILLER | CLERK     | 1300 | NULL |     2 |  1201 |  1400 |     10 | ACCOUNTING | NEW YORK |
+-------+--------+-----------+------+------+-------+-------+-------+--------+------------+----------+
14 rows in set

mysql> select e.empno,e.ename,e.job,e.sal,e.comm,s.*,d.* from emp e,dept d,salgrade s where e.sal between s.losal and s.hisal and e.deptno=d.deptno and d.loc='new york';
+-------+--------+-----------+------+------+-------+-------+-------+--------+------------+----------+
| empno | ename  | job       | sal  | comm | grade | losal | hisal | deptno | dname      | loc      |
+-------+--------+-----------+------+------+-------+-------+-------+--------+------------+----------+
|  7934 | MILLER | CLERK     | 1300 | NULL |     2 |  1201 |  1400 |     10 | ACCOUNTING | NEW YORK |
|  7782 | CLARK  | MANAGER   | 2450 | NULL |     4 |  2001 |  3000 |     10 | ACCOUNTING | NEW YORK |
|  7839 | KING   | PRESIDENT | 5000 | NULL |     5 |  3001 |  9999 |     10 | ACCOUNTING | NEW YORK |
+-------+--------+-----------+------+------+-------+-------+-------+--------+------------+----------+
3 rows in set

mysql> select e.deptno,d.dname,e.count(*)  from emp e right join dept d on e.deptno=d.deptno group by e.deptno;
1064 - You have an error in your SQL syntax; check the manual that corresponds to your MySQL server version for the right syntax to use near '*)  from emp e right join dept d on e.deptno=d.deptno group by e.deptno' at line 1
mysql> select e.deptno,d.dname,e.count(*)  from emp e right outer join dept d on e.deptno=d.deptno group by e.deptno;
1064 - You have an error in your SQL syntax; check the manual that corresponds to your MySQL server version for the right syntax to use near '*)  from emp e right outer join dept d on e.deptno=d.deptno group by e.deptno' at line 1
mysql> select e.deptno,d.dname,e.count(e.empno)  from emp e right outer join dept d on e.deptno=d.deptno group by e.deptno;
1630 - FUNCTION e.count does not exist. Check the 'Function Name Parsing and Resolution' section in the Reference Manual
mysql> select e.deptno,d.dname,count(e.empno)  from emp e right outer join dept d on e.deptno=d.deptno group by e.deptno;
+--------+------------+----------------+
| deptno | dname      | count(e.empno) |
+--------+------------+----------------+
| NULL   | OPERATIONS |              0 |
|     10 | ACCOUNTING |              3 |
|     20 | RESEARCH   |              5 |
|     30 | SALES      |              6 |
+--------+------------+----------------+
4 rows in set

mysql> select d.deptno,d.dname,count(e.empno)  from emp e right outer join dept d on e.deptno=d.deptno group by e.deptno;
+--------+------------+----------------+
| deptno | dname      | count(e.empno) |
+--------+------------+----------------+
|     40 | OPERATIONS |              0 |
|     10 | ACCOUNTING |              3 |
|     20 | RESEARCH   |              5 |
|     30 | SALES      |              6 |
+--------+------------+----------------+
4 rows in set

mysql> select * from emp;
+-------+--------+-----------+------+------------+------+------+--------+
| empno | ename  | job       | mgr  | hiredate   | sal  | comm | deptno |
+-------+--------+-----------+------+------------+------+------+--------+
|  7369 | SMITH  | CLERK     | 7902 | 1980-12-17 |  800 | NULL |     20 |
|  7499 | ALLEN  | SALESMAN  | 7698 | 1981-02-20 | 1600 |  300 |     30 |
|  7521 | WARD   | SALESMAN  | 7698 | 1981-02-22 | 1250 |  500 |     30 |
|  7566 | JONES  | MANAGER   | 7839 | 1981-04-02 | 2975 | NULL |     20 |
|  7654 | MARTIN | SALESMAN  | 7698 | 1981-09-28 | 1250 | 1400 |     30 |
|  7698 | BLAKE  | MANAGER   | 7839 | 1981-05-01 | 2850 | NULL |     30 |
|  7782 | CLARK  | MANAGER   | 7839 | 1981-06-09 | 2450 | NULL |     10 |
|  7788 | SCOTT  | ANALYST   | 7566 | 1987-04-19 | 3000 | NULL |     20 |
|  7839 | KING   | PRESIDENT | NULL | 1981-11-17 | 5000 | NULL |     10 |
|  7844 | TURNER | SALESMAN  | 7698 | 1981-09-08 | 1500 |    0 |     30 |
|  7876 | ADAMS  | CLERK     | 7788 | 1987-05-23 | 1100 | NULL |     20 |
|  7900 | JAMES  | CLERK     | 7698 | 1981-12-03 |  950 | NULL |     30 |
|  7902 | FORD   | ANALYST   | 7566 | 1981-12-03 | 3000 | NULL |     20 |
|  7934 | MILLER | CLERK     | 7782 | 1982-01-23 | 1300 | NULL |     10 |
|  9527 | �´�   | java      | 7839 | 2019-07-26 | 5566 | NULL | NULL   |
+-------+--------+-----------+------+------------+------+------+--------+
15 rows in set

mysql> select e.empno,e.ename,e.mgr, m.ename from emp e,emp m where e.mgr=m.empno;
+-------+--------+------+-------+
| empno | ename  | mgr  | ename |
+-------+--------+------+-------+
|  7369 | SMITH  | 7902 | FORD  |
|  7499 | ALLEN  | 7698 | BLAKE |
|  7521 | WARD   | 7698 | BLAKE |
|  7566 | JONES  | 7839 | KING  |
|  7654 | MARTIN | 7698 | BLAKE |
|  7698 | BLAKE  | 7839 | KING  |
|  7782 | CLARK  | 7839 | KING  |
|  7788 | SCOTT  | 7566 | JONES |
|  7844 | TURNER | 7698 | BLAKE |
|  7876 | ADAMS  | 7788 | SCOTT |
|  7900 | JAMES  | 7698 | BLAKE |
|  7902 | FORD   | 7566 | JONES |
|  7934 | MILLER | 7782 | CLARK |
|  9527 | �´�   | 7839 | KING  |
+-------+--------+------+-------+
14 rows in set

mysql> select e.empno,e.ename,e.mgr,m.empno,
 m.ename from emp e,emp m where e.mgr=m.empno;
+-------+--------+------+-------+-------+
| empno | ename  | mgr  | empno | ename |
+-------+--------+------+-------+-------+
|  7369 | SMITH  | 7902 |  7902 | FORD  |
|  7499 | ALLEN  | 7698 |  7698 | BLAKE |
|  7521 | WARD   | 7698 |  7698 | BLAKE |
|  7566 | JONES  | 7839 |  7839 | KING  |
|  7654 | MARTIN | 7698 |  7698 | BLAKE |
|  7698 | BLAKE  | 7839 |  7839 | KING  |
|  7782 | CLARK  | 7839 |  7839 | KING  |
|  7788 | SCOTT  | 7566 |  7566 | JONES |
|  7844 | TURNER | 7698 |  7698 | BLAKE |
|  7876 | ADAMS  | 7788 |  7788 | SCOTT |
|  7900 | JAMES  | 7698 |  7698 | BLAKE |
|  7902 | FORD   | 7566 |  7566 | JONES |
|  7934 | MILLER | 7782 |  7782 | CLARK |
|  9527 | �´�   | 7839 |  7839 | KING  |
+-------+--------+------+-------+-------+
14 rows in set
mysql> select sal from emp where ename='allen';
+------+
| sal |
+------+
| 1600 |
+------+
1 row in set

mysql> select * from emp where sal > (select sal from emp where ename='allen');
+-------+-------+-----------+------+------------+------+------+--------+
| empno | ename | job       | mgr  | hiredate   | sal  | comm | deptno |
+-------+-------+-----------+------+------------+------+------+--------+
|  7566 | JONES | MANAGER   | 7839 | 1981-04-02 | 2975 | NULL |     20 |
|  7698 | BLAKE | MANAGER   | 7839 | 1981-05-01 | 2850 | NULL |     30 |
|  7782 | CLARK | MANAGER   | 7839 | 1981-06-09 | 2450 | NULL |     10 |
|  7788 | SCOTT | ANALYST   | 7566 | 1987-04-19 | 3000 | NULL |     20 |
|  7839 | KING  | PRESIDENT | NULL | 1981-11-17 | 5000 | NULL |     10 |
|  7902 | FORD  | ANALYST   | 7566 | 1981-12-03 | 3000 | NULL |     20 |
|  9527 | �´�  | java      | 7839 | 2019-07-26 | 5566 | NULL | NULL   |
+-------+-------+-----------+------+------------+------+------+--------+
7 rows in set

mysql> select * from emp where sal !=(select max(sal) from emp ) and sal !=(select min(sal) from emp);
+-------+--------+-----------+------+------------+------+------+--------+
| empno | ename  | job       | mgr  | hiredate   | sal  | comm | deptno |
+-------+--------+-----------+------+------------+------+------+--------+
|  7499 | ALLEN  | SALESMAN  | 7698 | 1981-02-20 | 1600 |  300 |     30 |
|  7521 | WARD   | SALESMAN  | 7698 | 1981-02-22 | 1250 |  500 |     30 |
|  7566 | JONES  | MANAGER   | 7839 | 1981-04-02 | 2975 | NULL |     20 |
|  7654 | MARTIN | SALESMAN  | 7698 | 1981-09-28 | 1250 | 1400 |     30 |
|  7698 | BLAKE  | MANAGER   | 7839 | 1981-05-01 | 2850 | NULL |     30 |
|  7782 | CLARK  | MANAGER   | 7839 | 1981-06-09 | 2450 | NULL |     10 |
|  7788 | SCOTT  | ANALYST   | 7566 | 1987-04-19 | 3000 | NULL |     20 |
|  7839 | KING   | PRESIDENT | NULL | 1981-11-17 | 5000 | NULL |     10 |
|  7844 | TURNER | SALESMAN  | 7698 | 1981-09-08 | 1500 |    0 |     30 |
|  7876 | ADAMS  | CLERK     | 7788 | 1987-05-23 | 1100 | NULL |     20 |
|  7900 | JAMES  | CLERK     | 7698 | 1981-12-03 |  950 | NULL |     30 |
|  7902 | FORD   | ANALYST   | 7566 | 1981-12-03 | 3000 | NULL |     20 |
|  7934 | MILLER | CLERK     | 7782 | 1982-01-23 | 1300 | NULL |     10 |
+-------+--------+-----------+------+------------+------+------+--------+
13 rows in set

mysql> select * from emp where deptno != (select deptno from dept where dname='sales');
+-------+--------+-----------+------+------------+------+------+--------+
| empno | ename  | job       | mgr  | hiredate   | sal  | comm | deptno |
+-------+--------+-----------+------+------------+------+------+--------+
|  7369 | SMITH  | CLERK     | 7902 | 1980-12-17 |  800 | NULL |     20 |
|  7566 | JONES  | MANAGER   | 7839 | 1981-04-02 | 2975 | NULL |     20 |
|  7782 | CLARK  | MANAGER   | 7839 | 1981-06-09 | 2450 | NULL |     10 |
|  7788 | SCOTT  | ANALYST   | 7566 | 1987-04-19 | 3000 | NULL |     20 |
|  7839 | KING   | PRESIDENT | NULL | 1981-11-17 | 5000 | NULL |     10 |
|  7876 | ADAMS  | CLERK     | 7788 | 1987-05-23 | 1100 | NULL |     20 |
|  7902 | FORD   | ANALYST   | 7566 | 1981-12-03 | 3000 | NULL |     20 |
|  7934 | MILLER | CLERK     | 7782 | 1982-01-23 | 1300 | NULL |     10 |
+-------+--------+-----------+------+------------+------+------+--------+
8 rows in set

mysql> select deptno from dept where dname !='sales';
+--------+
| deptno |
+--------+
|     10 |
|     20 |
|     40 |
+--------+
3 rows in set

mysql> select * from emp where deptno in(select deptno from dept where dname !='sales');
+-------+--------+-----------+------+------------+------+------+--------+
| empno | ename  | job       | mgr  | hiredate   | sal  | comm | deptno |
+-------+--------+-----------+------+------------+------+------+--------+
|  7369 | SMITH  | CLERK     | 7902 | 1980-12-17 |  800 | NULL |     20 |
|  7566 | JONES  | MANAGER   | 7839 | 1981-04-02 | 2975 | NULL |     20 |
|  7782 | CLARK  | MANAGER   | 7839 | 1981-06-09 | 2450 | NULL |     10 |
|  7788 | SCOTT  | ANALYST   | 7566 | 1987-04-19 | 3000 | NULL |     20 |
|  7839 | KING   | PRESIDENT | NULL | 1981-11-17 | 5000 | NULL |     10 |
|  7876 | ADAMS  | CLERK     | 7788 | 1987-05-23 | 1100 | NULL |     20 |
|  7902 | FORD   | ANALYST   | 7566 | 1981-12-03 | 3000 | NULL |     20 |
|  7934 | MILLER | CLERK     | 7782 | 1982-01-23 | 1300 | NULL |     10 |
+-------+--------+-----------+------+------------+------+------+--------+
8 rows in set

mysql> select min(sal) from emp where deptno=10;
+----------+
| min (year) |
+----------+
|  1300.00 |
+----------+
1 row in set

mysql> select * from emp where sal >(select min(sal) from emp where deptno=10);
+-------+--------+-----------+------+------------+------+------+--------+
| empno | ename  | job       | mgr  | hiredate   | sal  | comm | deptno |
+-------+--------+-----------+------+------------+------+------+--------+
|  7499 | ALLEN  | SALESMAN  | 7698 | 1981-02-20 | 1600 |  300 |     30 |
|  7566 | JONES  | MANAGER   | 7839 | 1981-04-02 | 2975 | NULL |     20 |
|  7698 | BLAKE  | MANAGER   | 7839 | 1981-05-01 | 2850 | NULL |     30 |
|  7782 | CLARK  | MANAGER   | 7839 | 1981-06-09 | 2450 | NULL |     10 |
|  7788 | SCOTT  | ANALYST   | 7566 | 1987-04-19 | 3000 | NULL |     20 |
|  7839 | KING   | PRESIDENT | NULL | 1981-11-17 | 5000 | NULL |     10 |
|  7844 | TURNER | SALESMAN  | 7698 | 1981-09-08 | 1500 |    0 |     30 |
|  7902 | FORD   | ANALYST   | 7566 | 1981-12-03 | 3000 | NULL |     20 |
|  9527 | �´�   | java      | 7839 | 2019-07-26 | 5566 | NULL | NULL   |
+-------+--------+-----------+------+------------+------+------+--------+
9 rows in set

mysql> select sal from emp where deptno=10;
+------+
| sal |
+------+
| 2450 |
| 5000 |
| 1300 |
+------+
3 rows in set

mysql> select * from emp where sal >any (select sal from emp where deptno=10);
+-------+--------+-----------+------+------------+------+------+--------+
| empno | ename  | job       | mgr  | hiredate   | sal  | comm | deptno |
+-------+--------+-----------+------+------------+------+------+--------+
|  7499 | ALLEN  | SALESMAN  | 7698 | 1981-02-20 | 1600 |  300 |     30 |
|  7566 | JONES  | MANAGER   | 7839 | 1981-04-02 | 2975 | NULL |     20 |
|  7698 | BLAKE  | MANAGER   | 7839 | 1981-05-01 | 2850 | NULL |     30 |
|  7782 | CLARK  | MANAGER   | 7839 | 1981-06-09 | 2450 | NULL |     10 |
|  7788 | SCOTT  | ANALYST   | 7566 | 1987-04-19 | 3000 | NULL |     20 |
|  7839 | KING   | PRESIDENT | NULL | 1981-11-17 | 5000 | NULL |     10 |
|  7844 | TURNER | SALESMAN  | 7698 | 1981-09-08 | 1500 |    0 |     30 |
|  7902 | FORD   | ANALYST   | 7566 | 1981-12-03 | 3000 | NULL |     20 |
|  9527 | �´�   | java      | 7839 | 2019-07-26 | 5566 | NULL | NULL   |
+-------+--------+-----------+------+------------+------+------+--------+
9 rows in set

mysql> select max(sal) from emp where deptno=30;
+----------+
| max(sal) |
+----------+
|  2850.00 |
+----------+
1 row in set

mysql> select * from emp where sal >(select max(sal) from emp where deptno=30);
+-------+-------+-----------+------+------------+------+------+--------+
| empno | ename | job       | mgr  | hiredate   | sal  | comm | deptno |
+-------+-------+-----------+------+------------+------+------+--------+
|  7566 | JONES | MANAGER   | 7839 | 1981-04-02 | 2975 | NULL |     20 |
|  7788 | SCOTT | ANALYST   | 7566 | 1987-04-19 | 3000 | NULL |     20 |
|  7839 | KING  | PRESIDENT | NULL | 1981-11-17 | 5000 | NULL |     10 |
|  7902 | FORD  | ANALYST   | 7566 | 1981-12-03 | 3000 | NULL |     20 |
|  9527 | �´�  | java      | 7839 | 2019-07-26 | 5566 | NULL | NULL   |
+-------+-------+-----------+------+------------+------+------+--------+
5 rows in set

mysql> select sal from emp where deptno=30;
+------+
| sal |
+------+
| 1600 |
| 1250 |
| 1250 |
| 2850 |
| 1500 |
|  950 |
+------+
6 rows in set

mysql> select * from emp where sal > all(select sal from emp where deptno=30);
+-------+-------+-----------+------+------------+------+------+--------+
| empno | ename | job       | mgr  | hiredate   | sal  | comm | deptno |
+-------+-------+-----------+------+------------+------+------+--------+
|  7566 | JONES | MANAGER   | 7839 | 1981-04-02 | 2975 | NULL |     20 |
|  7788 | SCOTT | ANALYST   | 7566 | 1987-04-19 | 3000 | NULL |     20 |
|  7839 | KING  | PRESIDENT | NULL | 1981-11-17 | 5000 | NULL |     10 |
|  7902 | FORD  | ANALYST   | 7566 | 1981-12-03 | 3000 | NULL |     20 |
|  9527 |  ´   | java      | 7839 | 2019-07-26 | 5566 | NULL | NULL   |
+-------+-------+-----------+------+------------+------+------+--------+
5 rows in set

mysql> select * from emp where sal=(select max(sal) from emp) ;
+-------+-------+------+------+------------+------+------+--------+
| empno | ename | job  | mgr  | hiredate   | sal  | comm | deptno |
+-------+-------+------+------+------------+------+------+--------+
|  9527 | �´�  | java | 7839 | 2019-07-26 | 5566 | NULL | NULL   |
+-------+-------+------+------+------------+------+------+--------+
1 row in set

mysql> select * from emp where sal=(select min(sal) from emp) ;
+-------+-------+-------+------+------------+-----+------+--------+
| empno | ename | job   | mgr  | hiredate   | sal | comm | deptno |
+-------+-------+-------+------+------------+-----+------+--------+
|  7369 | SMITH | CLERK | 7902 | 1980-12-17 | 800 | NULL |     20 |
+-------+-------+-------+------+------------+-----+------+--------+
1 row in set

mysql> select e.*,d.* from emp e,deptno d where sal=(select min(sal) from emp) and e.deptno=d.deptno ;
1146 - Table 'my1905.deptno' doesn't exist
mysql> select e.*,d.* from emp e,dept d where sal=(select min(sal) from emp) and e.deptno=d.deptno ;
+-------+-------+-------+------+------------+-----+------+--------+--------+----------+--------+
| empno | ename | job   | mgr  | hiredate   | sal | comm | deptno | deptno | dname    | loc    |
+-------+-------+-------+------+------------+-----+------+--------+--------+----------+--------+
|  7369 | SMITH | CLERK | 7902 | 1980-12-17 | 800 | NULL |     20 |     20 | RESEARCH | DALLAS |
+-------+-------+-------+------+------------+-----+------+--------+--------+----------+--------+
1 row in set

mysql> 

Google Translate
মূল পাঠ্য
+-------+-------+-----------+------+------------+------+------+--------+
একটি আরও ভালো অনুবাদ দিন
